name,iso,bounding_box
Asia,AS,"POLYGON((-180 -10.9296531677246,-180 81.2905426025391,180 81.2905426025391,180 -10.9296531677246,-180 -10.9296531677246))"
Africa,AF,"POLYGON((-25.3605575561523 -34.8220024108887,-25.3605575561523 37.3404121398926,63.4957580566406 37.3404121398926,63.4957580566406 -34.8220024108887,-25.3605575561523 -34.8220024108887))"
Europe,EU,"POLYGON((-31.2890300750732 34.930549621582,-31.2890300750732 81.8519287109375,68.9313659667969 81.8519287109375,68.9313659667969 34.930549621582,-31.2890300750732 34.930549621582))"
Latin America and Caribbean,SA,"POLYGON((-91.6638946533203 -55.902229309082,-91.6638946533203 12.5902767181396,-34.7929191589355 12.5902767181396,-34.7929191589355 -55.902229309082,-91.6638946533203 -55.902229309082))"
Oceania,OC,"POLYGON((-180 -54.7538909912109,-180 28.2215194702148,180 28.2215194702148,180 -54.7538909912109,-180 -54.7538909912109))"
Antarctica,AQ,"POLYGON((-180 -90,-180 -46.3276443481445,180 -46.3276443481445,180 -90,-180 -90))"
North America,NA,"POLYGON((-178.216552734375 7.20611095428467,-178.216552734375 83.6235961914062,179.775939941406 83.6235961914062,179.775939941406 7.20611095428467,-178.216552734375 7.20611095428467))"
Other,O1,"POLYGON((-180 -90,-180 90,180 90,180 -90,-180 -90))"
